Rank,Title,Year,Genres,IMDb_Rating,Votes,Director,Overview
1,The Shawshank Redemption,1994,Drama,9.3,2343110,Frank Darabont,"Two imprisoned men bond over a number of years, finding solace and eventual redemption through acts of common decency."
2,The Godfather,1972,"Crime, Drama",9.2,1620367,Francis Ford Coppola,An organized crime dynasty's aging patriarch transfers control of his clandestine empire to his reluctant son.
3,The Dark Knight,2008,"Action, Crime, Drama",9.0,2303232,Christopher Nolan,"When the menace known as the Joker wreaks havoc and chaos on the people of Gotham, Batman must accept one of the greatest psychological and physical tests of his ability to fight injustice."
4,The Godfather: Part II,1974,"Crime, Drama",9.0,1129952,Francis Ford Coppola,"The early life and career of Vito Corleone in 1920s New York City is portrayed, while his son, Michael, expands and tightens his grip on the family crime syndicate."
5,12 Angry Men,1957,"Crime, Drama",9.0,689845,Sidney Lumet,A jury holdout attempts to prevent a miscarriage of justice by forcing his colleagues to reconsider the evidence.
6,Pulp Fiction,1994,"Crime, Drama",8.9,1826188,Quentin Tarantino,"The lives of two mob hitmen, a boxer, a gangster and his wife, and a pair of diner bandits intertwine in four tales of violence and redemption."
7,The Lord of the Rings: The Return of the King,2003,"Action, Adventure, Drama",8.9,1642758,Peter Jackson,Gandalf and Aragorn lead the World of Men against Sauron's army to draw his gaze from Frodo and Sam as they approach Mount Doom with the One Ring.
8,Schindler's List,1993,"Biography, Drama, History",8.9,1213505,Steven Spielberg,"In German-occupied Poland during World War II, industrialist Oskar Schindler gradually becomes concerned for his Jewish workforce after witnessing their persecution by the Nazis."
9,Inception,2010,"Action, Adventure, Sci-Fi",8.8,2067042,Christopher Nolan,A thief who steals corporate secrets through the use of dream-sharing technology is given the inverse task of planting an idea into the mind of a C.E.O.
10,Fight Club,1999,Drama,8.8,1854740,David Fincher,"An insomniac office worker and a devil-may-care soapmaker form an underground fight club that evolves into something much, much more."
11,Forrest Gump,1994,"Drama, Romance",8.8,1809221,Robert Zemeckis,"The presidencies of Kennedy and Johnson, the events of Vietnam, Watergate and other historical events unfold through the perspective of an Alabama man with an IQ of 75, whose only desire is to be reunited with his childhood sweetheart."
12,The Lord of the Rings: The Fellowship of the Ring,2001,"Action, Adventure, Drama",8.8,1661481,Peter Jackson,A meek Hobbit from the Shire and eight companions set out on a journey to destroy the powerful One Ring and save Middle-earth from the Dark Lord Sauron.
13,"Il buono, il brutto, il cattivo",1966,Western,8.8,688390,Sergio Leone,A bounty hunting scam joins two men in an uneasy alliance against a third in a race to find a fortune in gold buried in a remote cemetery.
14,The Matrix,1999,"Action, Sci-Fi",8.7,1676426,Lana Wachowski,"When a beautiful stranger leads computer hacker Neo to a forbidding underworld, he discovers the shocking truth--the life he knows is the elaborate deception of an evil cyber-intelligence."
15,The Lord of the Rings: The Two Towers,2002,"Action, Adventure, Drama",8.7,1485555,Peter Jackson,"While Frodo and Sam edge closer to Mordor with the help of the shifty Gollum, the divided fellowship makes a stand against Sauron's new ally, Saruman, and his hordes of Isengard."
16,Star Wars: Episode V - The Empire Strikes Back,1980,"Action, Adventure, Fantasy",8.7,1159315,Irvin Kershner,"After the Rebels are brutally overpowered by the Empire on the ice planet Hoth, Luke Skywalker begins Jedi training with Yoda, while his friends are pursued by Darth Vader and a bounty hunter named Boba Fett all over the galaxy."
17,Goodfellas,1990,"Biography, Crime, Drama",8.7,1020727,Martin Scorsese,"The story of Henry Hill and his life in the mob, covering his relationship with his wife Karen Hill and his mob partners Jimmy Conway and Tommy DeVito in the Italian-American crime syndicate."
18,One Flew Over the Cuckoo's Nest,1975,Drama,8.7,918088,Milos Forman,"A criminal pleads insanity and is admitted to a mental institution, where he rebels against the oppressive nurse and rallies up the scared patients."
19,Interstellar,2014,"Adventure, Drama, Sci-Fi",8.6,1512360,Christopher Nolan,A team of explorers travel through a wormhole in space in an attempt to ensure humanity's survival.
20,Se7en,1995,"Crime, Drama, Mystery",8.6,1445096,David Fincher,"Two detectives, a rookie and a veteran, hunt a serial killer who uses the seven deadly sins as his motives."
21,The Silence of the Lambs,1991,"Crime, Drama, Thriller",8.6,1270197,Jonathan Demme,"A young F.B.I. cadet must receive the help of an incarcerated and manipulative cannibal killer to help catch another serial killer, a madman who skins his victims."
22,Saving Private Ryan,1998,"Drama, War",8.6,1235804,Steven Spielberg,"Following the Normandy Landings, a group of U.S. soldiers go behind enemy lines to retrieve a paratrooper whose brothers have been killed in action."
23,Star Wars,1977,"Action, Adventure, Fantasy",8.6,1231473,George Lucas,"Luke Skywalker joins forces with a Jedi Knight, a cocky pilot, a Wookiee and two droids to save the galaxy from the Empire's world-destroying battle station, while also attempting to rescue Princess Leia from the mysterious Darth Vader."
24,The Green Mile,1999,"Crime, Drama, Fantasy",8.6,1147794,Frank Darabont,"The lives of guards on Death Row are affected by one of their charges: a black man accused of child murder and rape, yet who has a mysterious gift."
25,Cidade de Deus,2002,"Crime, Drama",8.6,699256,Fernando Meirelles,"In the slums of Rio, two kids' paths diverge as one struggles to become a photographer and the other a kingpin."
26,Sen to Chihiro no kamikakushi,2001,"Animation, Adventure, Family",8.6,651376,Hayao Miyazaki,"During her family's move to the suburbs, a sullen 10-year-old girl wanders into a world ruled by gods, witches, and spirits, and where humans are changed into beasts."
27,La vita è bella,1997,"Comedy, Drama, Romance",8.6,623629,Roberto Benigni,"When an open-minded Jewish librarian and his son become victims of the Holocaust, he uses a perfect mixture of will, humor, and imagination to protect his son from the dangers around their camp."
28,Gisaengchung,2019,"Comedy, Drama, Thriller",8.6,552778,Bong Joon Ho,Greed and class discrimination threaten the newly formed symbiotic relationship between the wealthy Park family and the destitute Kim clan.
29,It's a Wonderful Life,1946,"Drama, Family, Fantasy",8.6,405801,Frank Capra,An angel is sent from Heaven to help a desperately frustrated businessman by showing him what life would have been like if he had never existed.
30,Shichinin no samurai,1954,"Action, Adventure, Drama",8.6,315744,Akira Kurosawa,A poor village under attack by bandits recruits seven unemployed samurai to help them defend themselves.
31,Hamilton,2020,"Biography, Drama, History",8.6,55291,Thomas Kail,"The real life of one of America's foremost founding fathers and first Secretary of the Treasury, Alexander Hamilton. Captured live on Broadway from the Richard Rodgers Theater with the original Broadway cast."
32,Soorarai Pottru,2020,Drama,8.6,54995,Sudha Kongara,"Nedumaaran Rajangam ""Maara"" sets out to make the common man fly and in the process takes on the world's most capital intensive industry and several enemies who stand in his way."
33,Seppuku,1962,"Action, Drama, Mystery",8.6,42004,Masaki Kobayashi,"When a ronin requesting seppuku at a feudal lord's palace is told of the brutal suicide of another ronin who previously visited, he reveals how their pasts are intertwined - and in doing so challenges the clan's integrity."
34,Gladiator,2000,"Action, Adventure, Drama",8.5,1341460,Ridley Scott,A former Roman General sets out to exact vengeance against the corrupt emperor who murdered his family and sent him into slavery.
35,The Prestige,2006,"Drama, Mystery, Sci-Fi",8.5,1190259,Christopher Nolan,"After a tragic accident, two stage magicians engage in a battle to create the ultimate illusion while sacrificing everything they have to outwit each other."
36,The Departed,2006,"Crime, Drama, Thriller",8.5,1189773,Martin Scorsese,An undercover cop and a mole in the police attempt to identify each other while infiltrating an Irish gang in South Boston.
37,Back to the Future,1985,"Adventure, Comedy, Sci-Fi",8.5,1058081,Robert Zemeckis,"Marty McFly, a 17-year-old high school student, is accidentally sent thirty years into the past in a time-traveling DeLorean invented by his close friend, the eccentric scientist Doc Brown."
38,Léon,1994,"Action, Crime, Drama",8.5,1035236,Luc Besson,"Mathilda, a 12-year-old girl, is reluctantly taken in by Léon, a professional assassin, after her family is murdered. An unusual relationship forms as she becomes his protégée and learns the assassin's trade."
39,American History X,1998,Drama,8.5,1034705,Tony Kaye,A former neo-nazi skinhead tries to prevent his younger brother from going down the same wrong path that he did.
40,Terminator 2: Judgment Day,1991,"Action, Sci-Fi",8.5,995506,James Cameron,"A cyborg, identical to the one who failed to kill Sarah Connor, must now protect her teenage son, John Connor, from a more advanced and powerful cyborg."
41,The Usual Suspects,1995,"Crime, Mystery, Thriller",8.5,991208,Bryan Singer,"A sole survivor tells of the twisty events leading up to a horrific gun battle on a boat, which began when five criminals met at a seemingly random police lineup."
42,The Lion King,1994,"Animation, Adventure, Drama",8.5,942045,Roger Allers,"Lion prince Simba and his father are targeted by his bitter uncle, who wants to ascend the throne himself."
43,Joker,2019,"Crime, Drama, Thriller",8.5,939252,Todd Phillips,"In Gotham City, mentally troubled comedian Arthur Fleck is disregarded and mistreated by society. He then embarks on a downward spiral of revolution and bloody crime. This path brings him face-to-face with his alter-ego: the Joker."
44,The Intouchables,2011,"Biography, Comedy, Drama",8.5,760360,Olivier Nakache,"After he becomes a quadriplegic from a paragliding accident, an aristocrat hires a young man from the projects to be his caregiver."
45,The Pianist,2002,"Biography, Drama, Music",8.5,729603,Roman Polanski,A Polish Jewish musician struggles to survive the destruction of the Warsaw ghetto of World War II.
46,Whiplash,2014,"Drama, Music",8.5,717585,Damien Chazelle,A promising young drummer enrolls at a cut-throat music conservatory where his dreams of greatness are mentored by an instructor who will stop at nothing to realize a student's potential.
47,Psycho,1960,"Horror, Mystery, Thriller",8.5,604211,Alfred Hitchcock,"A Phoenix secretary embezzles $40,000 from her employer's client, goes on the run, and checks into a remote motel run by a young man under the domination of his mother."
48,Casablanca,1942,"Drama, Romance, War",8.5,522093,Michael Curtiz,A cynical expatriate American cafe owner struggles to decide whether or not to help his former lover and her fugitive husband escape the Nazis in French Morocco.
49,Once Upon a Time in the West,1968,Western,8.5,302844,Sergio Leone,A mysterious stranger with a harmonica joins forces with a notorious desperado to protect a beautiful widow from a ruthless assassin working for the railroad.
50,Hotaru no haka,1988,"Animation, Drama, War",8.5,235231,Isao Takahata,A young boy and his little sister struggle to survive in Japan during World War II.
51,Nuovo Cinema Paradiso,1988,"Drama, Romance",8.5,230763,Giuseppe Tornatore,A filmmaker recalls his childhood when falling in love with the pictures at the cinema of his home village and forms a deep friendship with the cinema's projectionist.
52,Modern Times,1936,"Comedy, Drama, Family",8.5,217881,Charles Chaplin,The Tramp struggles to live in modern industrial society with the help of a young homeless woman.
53,City Lights,1931,"Comedy, Drama, Romance",8.5,167839,Charles Chaplin,"With the aid of a wealthy erratic tippler, a dewy-eyed tramp who has fallen in love with a sightless flower girl accumulates money to be able to help her medically."
54,The Dark Knight Rises,2012,"Action, Adventure",8.4,1516346,Christopher Nolan,"Eight years after the Joker's reign of anarchy, Batman, with the help of the enigmatic Catwoman, is forced from his exile to save Gotham City from the brutal guerrilla terrorist Bane."
55,Django Unchained,2012,"Drama, Western",8.4,1357682,Quentin Tarantino,"With the help of a German bounty hunter, a freed slave sets out to rescue his wife from a brutal Mississippi plantation owner."
56,Memento,2000,"Mystery, Thriller",8.4,1125712,Christopher Nolan,A man with short-term memory loss attempts to track down his wife's murderer.
57,WALL·E,2008,"Animation, Adventure, Family",8.4,999790,Andrew Stanton,"In the distant future, a small waste-collecting robot inadvertently embarks on a space journey that will ultimately decide the fate of mankind."
58,The Shining,1980,"Drama, Horror",8.4,898237,Stanley Kubrick,"A family heads to an isolated hotel for the winter where a sinister presence influences the father into violence, while his psychic son sees horrific forebodings from both past and future."
59,Raiders of the Lost Ark,1981,"Action, Adventure",8.4,884112,Steven Spielberg,"In 1936, archaeologist and adventurer Indiana Jones is hired by the U.S. government to find the Ark of the Covenant before Adolf Hitler's Nazis can obtain its awesome powers."
60,Avengers: Infinity War,2018,"Action, Adventure, Sci-Fi",8.4,834477,Anthony Russo,The Avengers and their allies must be willing to sacrifice all in an attempt to defeat the powerful Thanos before his blitz of devastation and ruin puts an end to the universe.
61,Avengers: Endgame,2019,"Action, Adventure, Drama",8.4,809955,Anthony Russo,"After the devastating events of Avengers: Infinity War (2018), the universe is in ruins. With the help of remaining allies, the Avengers assemble once more in order to reverse Thanos' actions and restore balance to the universe."
62,Alien,1979,"Horror, Sci-Fi",8.4,787806,Ridley Scott,"After a space merchant vessel receives an unknown transmission as a distress call, one of the crew is attacked by a mysterious life form and they soon realize that its life cycle has merely begun."
63,Apocalypse Now,1979,"Drama, Mystery, War",8.4,606398,Francis Ford Coppola,A U.S. Army officer serving in Vietnam is tasked with assassinating a renegade Special Forces Colonel who sees himself as a god.
64,Oldeuboi,2003,"Action, Drama, Mystery",8.4,515451,Chan-wook Park,"After being kidnapped and imprisoned for fifteen years, Oh Dae-Su is released, only to find that he must find his captor in five days."
65,Dr. Strangelove or: How I Learned to Stop Worrying and Love the Bomb,1964,Comedy,8.4,450474,Stanley Kubrick,An insane general triggers a path to nuclear holocaust that a War Room full of politicians and generals frantically tries to stop.
66,Rear Window,1954,"Mystery, Thriller",8.4,444074,Alfred Hitchcock,A wheelchair-bound photographer spies on his neighbors from his apartment window and becomes convinced one of them has committed murder.
67,Coco,2017,"Animation, Adventure, Family",8.4,384171,Lee Unkrich,"Aspiring musician Miguel, confronted with his family's ancestral ban on music, enters the Land of the Dead to find his great-great-grandfather, a legendary singer."
68,Spider-Man: Into the Spider-Verse,2018,"Animation, Action, Adventure",8.4,375110,Bob Persichetti,"Teen Miles Morales becomes the Spider-Man of his universe, and must join with five spider-powered individuals from other dimensions to stop a threat for all realities."
69,The Lives of Others,2006,"Drama, Mystery, Thriller",8.4,358685,Florian Henckel von Donnersmarck,"In 1984 East Berlin, an agent of the secret police, conducting surveillance on a writer and his lover, finds himself becoming increasingly absorbed by their lives."
70,3 Idiots,2009,"Comedy, Drama",8.4,344445,Rajkumar Hirani,"Two friends are searching for their long lost companion. They revisit their college days and recall the memories of their friend who inspired them to think differently, even as the rest of the world called them ""idiots""."
71,Mononoke-hime,1997,"Animation, Action, Adventure",8.4,343171,Hayao Miyazaki,"On a journey to find the cure for a Tatarigami's curse, Ashitaka finds himself in the middle of a war between the forest gods and Tatara, a mining colony. In this quest he also meets San, the Mononoke Hime."
72,Once Upon a Time in America,1984,"Crime, Drama",8.4,311365,Sergio Leone,"A former Prohibition-era Jewish gangster returns to the Lower East Side of Manhattan over thirty years later, where he once again must confront the ghosts and regrets of his old life."
73,The Great Dictator,1940,"Comedy, Drama, War",8.4,203150,Charles Chaplin,Dictator Adenoid Hynkel tries to expand his empire while a poor Jewish barber tries to avoid persecution from Hynkel's regime.
74,Sunset Blvd.,1950,"Drama, Film-Noir",8.4,201632,Billy Wilder,A screenwriter develops a dangerous relationship with a faded film star determined to make a triumphant return.
75,Kimi no na wa.,2016,"Animation, Drama, Fantasy",8.4,194838,Makoto Shinkai,"Two strangers find themselves linked in a bizarre way. When a connection forms, will distance be the only thing to keep them apart?"
76,Paths of Glory,1957,"Drama, War",8.4,178092,Stanley Kubrick,"After refusing to attack an enemy position, a general accuses the soldiers of cowardice and their commanding officer must defend them."
77,Taare Zameen Par,2007,"Drama, Family",8.4,168895,Aamir Khan,"An eight-year-old boy is thought to be a lazy trouble-maker, until the new art teacher has the patience and compassion to discover the real problem behind his struggles in school."
78,Dangal,2016,"Action, Biography, Drama",8.4,156479,Nitesh Tiwari,Former wrestler Mahavir Singh Phogat and his two wrestler daughters struggle towards glory at the Commonwealth Games in the face of societal oppression.
79,Witness for the Prosecution,1957,"Crime, Drama, Mystery",8.4,108862,Billy Wilder,A veteran British barrister must defend his client in a murder trial that has surprise after surprise.
80,Capharnaüm,2018,Drama,8.4,62635,Nadine Labaki,"While serving a five-year sentence for a violent crime, a 12-year-old boy sues his parents for neglect."
81,Tengoku to jigoku,1963,"Crime, Drama, Mystery",8.4,34357,Akira Kurosawa,An executive of a shoe company becomes a victim of extortion when his chauffeur's son is kidnapped and held for ransom.
82,Ayla: The Daughter of War,2017,"Biography, Drama, History",8.4,34112,Can Ulkay,"In 1950, amid-st the ravages of the Korean War, Sergeant Süleyman stumbles upon a half-frozen little girl, with no parents and no help in sight. Frantic, scared and on the verge of death, ...                See full summary »"
83,Anand,1971,"Drama, Musical",8.4,30273,Hrishikesh Mukherjee,"The story of a terminally ill man who wishes to live life to the fullest before the inevitable occurs, as told by his best friend."
84,Vikram Vedha,2017,"Action, Crime, Drama",8.4,28401,Gayatri,"Vikram, a no-nonsense police officer, accompanied by Simon, his partner, is on the hunt to capture Vedha, a smuggler and a murderer. Vedha tries to change Vikram's life, which leads to a conflict."
85,Inglourious Basterds,2009,"Adventure, Drama, War",8.3,1267869,Quentin Tarantino,"In Nazi-occupied France during World War II, a plan to assassinate Nazi leaders by a group of Jewish U.S. soldiers coincides with a theatre owner's vengeful plans for the same."
86,American Beauty,1999,Drama,8.3,1069738,Sam Mendes,A sexually frustrated suburban father has a mid-life crisis after becoming infatuated with his daughter's best friend.
87,Braveheart,1995,"Biography, Drama, History",8.3,959181,Mel Gibson,Scottish warrior William Wallace leads his countrymen in a rebellion to free his homeland from the tyranny of King Edward I of England.
88,Star Wars: Episode VI - Return of the Jedi,1983,"Action, Adventure, Fantasy",8.3,950470,Richard Marquand,"After a daring mission to rescue Han Solo from Jabba the Hutt, the Rebels dispatch to Endor to destroy the second Death Star. Meanwhile, Luke struggles to help Darth Vader back from the dark side without falling into the Emperor's trap."
89,Reservoir Dogs,1992,"Crime, Drama, Thriller",8.3,918562,Quentin Tarantino,"When a simple jewelry heist goes horribly wrong, the surviving criminals begin to suspect that one of them is a police informant."
90,Eternal Sunshine of the Spotless Mind,2004,"Drama, Romance, Sci-Fi",8.3,911664,Michel Gondry,"When their relationship turns sour, a couple undergoes a medical procedure to have each other erased from their memories."
91,Toy Story,1995,"Animation, Adventure, Comedy",8.3,887429,John Lasseter,A cowboy doll is profoundly threatened and jealous when a new spaceman figure supplants him as top toy in a boy's room.
92,Good Will Hunting,1997,"Drama, Romance",8.3,861606,Gus Van Sant,"Will Hunting, a janitor at M.I.T., has a gift for mathematics, but needs help from a psychologist to find direction in his life."
93,Snatch,2000,"Comedy, Crime",8.3,782001,Guy Ritchie,"Unscrupulous boxing promoters, violent bookmakers, a Russian gangster, incompetent amateur robbers and supposedly Jewish jewelers fight to track down a priceless stolen diamond."
94,Requiem for a Dream,2000,Drama,8.3,766870,Darren Aronofsky,The drug-induced utopias of four Coney Island people are shattered when their addictions run deep.
95,A Clockwork Orange,1971,"Crime, Drama, Sci-Fi",8.3,757904,Stanley Kubrick,"In the future, a sadistic gang leader is imprisoned and volunteers for a conduct-aversion experiment, but it doesn't go as planned."
96,Scarface,1983,"Crime, Drama",8.3,740911,Brian De Palma,"In 1980 Miami, a determined Cuban immigrant takes over a drug cartel and succumbs to greed."
97,Taxi Driver,1976,"Crime, Drama",8.3,724636,Martin Scorsese,"A mentally unstable veteran works as a nighttime taxi driver in New York City, where the perceived decadence and sleaze fuels his urge for violent action by attempting to liberate a presidential campaign worker and an underage prostitute."
98,Amélie,2001,"Comedy, Romance",8.3,703810,Jean-Pierre Jeunet,"Amélie is an innocent and naive girl in Paris with her own sense of justice. She decides to help those around her and, along the way, discovers love."
99,Full Metal Jacket,1987,"Drama, War",8.3,675146,Stanley Kubrick,A pragmatic U.S. Marine observes the dehumanizing effects the Vietnam War has on his fellow recruits from their brutal boot camp training to the bloody street fighting in Hue.
100,Aliens,1986,"Action, Adventure, Sci-Fi",8.3,652719,James Cameron,"Fifty-seven years after surviving an apocalyptic attack aboard her space vessel by merciless space creatures, Officer Ripley awakens from hyper-sleep and tries to warn anyone who will listen about the predators."
101,2001: A Space Odyssey,1968,"Adventure, Sci-Fi",8.3,603517,Stanley Kubrick,"After discovering a mysterious artifact buried beneath the Lunar surface, mankind sets off on a quest to find its origins with help from intelligent supercomputer H.A.L. 9000."
102,1917,2019,"Drama, Thriller, War",8.3,425844,Sam Mendes,"April 6th, 1917. As a regiment assembles to wage war deep in enemy territory, two soldiers are assigned to race against time and deliver a message that will stop 1,600 men from walking straight into a deadly trap."
103,Citizen Kane,1941,"Drama, Mystery",8.3,403351,Orson Welles,"Following the death of publishing tycoon Charles Foster Kane, reporters scramble to uncover the meaning of his final utterance; 'Rosebud'."
104,Amadeus,1984,"Biography, Drama, History",8.3,369007,Milos Forman,"The life, success and troubles of Wolfgang Amadeus Mozart, as told by Antonio Salieri, the contemporaneous composer who was insanely jealous of Mozart's talent and claimed to have murdered him."
105,Vertigo,1958,"Mystery, Romance, Thriller",8.3,364368,Alfred Hitchcock,A former police detective juggles wrestling with his personal demons and becoming obsessed with a hauntingly beautiful woman.
106,North by Northwest,1959,"Adventure, Mystery, Thriller",8.3,299198,Alfred Hitchcock,A New York City advertising executive goes on the run after being mistaken for a government agent by a group of foreign spies.
107,Jagten,2012,Drama,8.3,281623,Thomas Vinterberg,"A teacher lives a lonely life, all the while struggling over his son's custody. His life slowly gets better as he finds love and receives good news from his son, but his new luck is about to be brutally shattered by an innocent little lie."
108,Lawrence of Arabia,1962,"Adventure, Biography, Drama",8.3,268085,David Lean,"The story of T.E. Lawrence, the English officer who successfully united and led the diverse, often warring, Arab tribes during World War I in order to fight the Turks."
109,The Sting,1973,"Comedy, Crime, Drama",8.3,241513,George Roy Hill,Two grifters team up to pull off the ultimate con.
110,Per qualche dollaro in più,1965,Western,8.3,232772,Sergio Leone,Two bounty hunters with the same intentions team up to track down a Western outlaw.
111,Das Boot,1981,"Adventure, Drama, Thriller",8.3,231855,Wolfgang Petersen,"The claustrophobic world of a WWII German U-boat; boredom, filth and sheer terror."
112,Jodaeiye Nader az Simin,2011,Drama,8.3,220002,Asghar Farhadi,A married couple are faced with a difficult decision - to improve the life of their child by moving to another country or to stay in Iran and look after a deteriorating parent who has Alzheimer's disease.
113,Singin' in the Rain,1952,"Comedy, Musical, Romance",8.3,218957,Stanley Donen,A silent film production company and cast make a difficult transition to sound.
114,The Apartment,1960,"Comedy, Drama, Romance",8.3,164363,Billy Wilder,"A man tries to rise in his company by letting its executives use his apartment for trysts, but complications and a romance of his own ensue."
115,Metropolis,1927,"Drama, Sci-Fi",8.3,159992,Fritz Lang,"In a futuristic city sharply divided between the working class and the city planners, the son of the city's mastermind falls in love with a working-class prophet who predicts the coming of a savior to mediate their differences."
116,Incendies,2010,"Drama, Mystery, War",8.3,150023,Denis Villeneuve,Twins journey to the Middle East to discover their family history and fulfill their mother's last wishes.
117,Ladri di biciclette,1948,Drama,8.3,146427,Vittorio De Sica,"In post-war Italy, a working-class man's bicycle is stolen. He and his son set out to find it."
118,Double Indemnity,1944,"Crime, Drama, Film-Noir",8.3,143525,Billy Wilder,An insurance representative lets himself be talked by a seductive housewife into a murder/insurance fraud scheme that arouses the suspicion of an insurance investigator.
119,M - Eine Stadt sucht einen Mörder,1931,"Crime, Mystery, Thriller",8.3,143434,Fritz Lang,"When the police in a German city are unable to catch a child-murderer, other criminals join in the manhunt."
120,The Kid,1921,"Comedy, Drama, Family",8.3,113314,Charles Chaplin,"The Tramp cares for an abandoned child, but events put that relationship in jeopardy."
121,Babam ve Oglum,2005,"Drama, Family",8.3,78925,Çagan Irmak,The family of a left-wing journalist is torn apart after the military coup of Turkey in 1980.
122,Andhadhun,2018,"Crime, Drama, Music",8.3,71875,Sriram Raghavan,"A series of mysterious events change the life of a blind pianist, who must now report a crime that he should technically know nothing of."
123,Ikiru,1952,Drama,8.3,68463,Akira Kurosawa,A bureaucrat tries to find a meaning in his life after he discovers he has terminal cancer.
124,Bacheha-Ye aseman,1997,"Drama, Family, Sport",8.3,65341,Majid Majidi,"After a boy loses his sister's pair of shoes, he goes on a series of adventures in order to find them. When he can't, he tries a new way to ""win"" a new pair."
125,Idi i smotri,1985,"Drama, Thriller, War",8.3,59056,Elem Klimov,"After finding an old rifle, a young boy joins the Soviet resistance movement against ruthless German forces and experiences the horrors of World War II."
126,Miracle in cell NO.7,2019,Drama,8.3,33935,Mehmet Ada Öztekin,A story of love between a mentally-ill father who was wrongly accused of murder and his lovely six years old daughter. The prison would be their home. Based on the 2013 Korean movie 7-beon-bang-ui seon-mul (2013).
127,Drishyam,2013,"Crime, Drama, Thriller",8.3,30722,Jeethu Joseph,A man goes to extreme lengths to save his family from punishment after the family commits an accidental crime.
128,Tumbbad,2018,"Drama, Fantasy, Horror",8.3,27793,Rahi Anil Barve,A mythological story about a goddess who created the entire universe. The plot revolves around the consequences when humans build a temple for her first-born.
129,Batman Begins,2005,"Action, Adventure",8.2,1308302,Christopher Nolan,"After training with his mentor, Batman begins his fight to free crime-ridden Gotham City from corruption."
130,The Wolf of Wall Street,2013,"Biography, Crime, Drama",8.2,1187498,Martin Scorsese,"Based on the true story of Jordan Belfort, from his rise to a wealthy stock-broker living the high life to his fall involving crime, corruption and the federal government."
131,Shutter Island,2010,"Mystery, Thriller",8.2,1129894,Martin Scorsese,"In 1954, a U.S. Marshal investigates the disappearance of a murderer who escaped from a hospital for the criminally insane."
132,V for Vendetta,2005,"Action, Drama, Sci-Fi",8.2,1032749,James McTeigue,"In a future British tyranny, a shadowy freedom fighter, known only by the alias of ""V"", plots to overthrow it with the help of a young woman."
133,Up,2009,"Animation, Adventure, Comedy",8.2,935507,Pete Docter,"78-year-old Carl Fredricksen travels to Paradise Falls in his house equipped with balloons, inadvertently taking a young stowaway."
134,A Beautiful Mind,2001,"Biography, Drama",8.2,848920,Ron Howard,"After John Nash, a brilliant but asocial mathematician, accepts secret work in cryptography, his life takes a turn for the nightmarish."
135,Die Hard,1988,"Action, Thriller",8.2,793164,John McTiernan,An NYPD officer tries to save his wife and several others taken hostage by German terrorists during a Christmas party at the Nakatomi Plaza in Los Angeles.
136,Toy Story 3,2010,"Animation, Adventure, Comedy",8.2,757032,Lee Unkrich,"The toys are mistakenly delivered to a day-care center instead of the attic right before Andy leaves for college, and it's up to Woody to convince the other toys that they weren't abandoned and to return home."
137,Indiana Jones and the Last Crusade,1989,"Action, Adventure",8.2,692366,Steven Spielberg,"In 1938, after his father Professor Henry Jones, Sr. goes missing while pursuing the Holy Grail, Professor Henry ""Indiana"" Jones, Jr. finds himself up against Adolf Hitler's Nazis again to stop them from obtaining its powers."
138,Pan's Labyrinth,2006,"Drama, Fantasy, War",8.2,618623,Guillermo del Toro,"In the Falangist Spain of 1944, the bookish young stepdaughter of a sadistic army officer escapes into an eerie but captivating fantasy world."
139,Heat,1995,"Crime, Drama, Thriller",8.2,577113,Michael Mann,A group of professional bank robbers start to feel the heat from police when they unknowingly leave a clue at their latest heist.
140,"Lock, Stock and Two Smoking Barrels",1998,"Action, Comedy, Crime",8.2,535216,Guy Ritchie,"A botched card game in London triggers four friends, thugs, weed-growers, hard gangsters, loan sharks and debt collectors to collide with each other in a series of unexpected events, all for the sake of weed, cash and two antique shotguns."
141,L.A. Confidential,1997,"Crime, Drama, Mystery",8.2,531967,Curtis Hanson,"As corruption grows in 1950s Los Angeles, three policemen - one strait-laced, one brutal, and one sleazy - investigate a series of murders with their own brand of justice."
142,There Will Be Blood,2007,Drama,8.2,517359,Paul Thomas Anderson,"A story of family, religion, hatred, oil and madness, focusing on a turn-of-the-century prospector in the early days of the business."
143,Monty Python and the Holy Grail,1975,"Adventure, Comedy, Fantasy",8.2,500875,Terry Gilliam,"King Arthur and his Knights of the Round Table embark on a surreal, low-budget search for the Holy Grail, encountering many, very silly obstacles."
144,Casino,1995,"Crime, Drama",8.2,466276,Martin Scorsese,"A tale of greed, deception, money, power, and murder occur between two best friends: a mafia enforcer and a casino executive compete against each other over a gambling empire, and over a fast-living and fast-loving socialite."
145,Warrior,2011,"Action, Drama, Sport",8.2,435950,Gavin O'Connor,"The youngest son of an alcoholic former boxer returns home, where he's trained by his father for competition in a mixed martial arts tournament - a path that puts the fighter on a collision course with his estranged, older brother."
146,"Three Billboards Outside Ebbing, Missouri",2017,"Comedy, Crime, Drama",8.2,432610,Martin McDonagh,A mother personally challenges the local authorities to solve her daughter's murder when they fail to catch the culprit.
147,Green Book,2018,"Biography, Comedy, Drama",8.2,377884,Peter Farrelly,A working-class Italian-American bouncer becomes the driver of an African-American classical pianist on a tour of venues through the 1960s American South.
148,Unforgiven,1992,"Drama, Western",8.2,375935,Clint Eastwood,"Retired Old West gunslinger William Munny reluctantly takes on one last job, with the help of his old partner Ned Logan and a young man, The ""Schofield Kid."""
149,Hauru no ugoku shiro,2004,"Animation, Adventure, Family",8.2,333915,Hayao Miyazaki,"When an unconfident young woman is cursed with an old body by a spiteful witch, her only chance of breaking the spell lies with a self-indulgent yet insecure young wizard and his companions in his legged, walking castle."
150,Der Untergang,2004,"Biography, Drama, History",8.2,331308,Oliver Hirschbiegel,"Traudl Junge, the final secretary for Adolf Hitler, tells of the Nazi dictator's final days in his Berlin bunker at the end of WWII."
151,Raging Bull,1980,"Biography, Drama, Sport",8.2,321860,Martin Scorsese,"The life of boxer Jake LaMotta, whose violence and temper that led him to the top in the ring destroyed his life outside of it."
152,To Kill a Mockingbird,1962,"Crime, Drama",8.2,293811,Robert Mulligan,"Atticus Finch, a lawyer in the Depression-era South, defends a black man against an undeserved rape charge, and his children against prejudice."
153,Tonari no Totoro,1988,"Animation, Family, Fantasy",8.2,291180,Hayao Miyazaki,"When two girls move to the country to be near their ailing mother, they have adventures with the wondrous forest spirits who live nearby."
154,Some Like It Hot,1959,"Comedy, Music, Romance",8.2,243943,Billy Wilder,"After two male musicians witness a mob hit, they flee the state in an all-female band disguised as women, but further complications set in."
155,The Great Escape,1963,"Adventure, Drama, History",8.2,224730,John Sturges,Allied prisoners of war plan for several hundred of their number to escape from a German camp during World War II.
156,El secreto de sus ojos,2009,"Drama, Mystery, Romance",8.2,193217,Juan José Campanella,A retired legal counselor writes a novel hoping to find closure for one of his past unresolved homicide cases and for his unreciprocated love with his superior - both of which still haunt him decades later.
157,Det sjunde inseglet,1957,"Drama, Fantasy, History",8.2,164939,Ingmar Bergman,"A man seeks answers about life, death, and the existence of God as he plays chess against the Grim Reaper during the Black Plague."
158,Dial M for Murder,1954,"Crime, Thriller",8.2,158335,Alfred Hitchcock,A former tennis player tries to arrange his wife's murder after learning of her affair.
159,Rashômon,1950,"Crime, Drama, Mystery",8.2,152572,Akira Kurosawa,"The rape of a bride and the murder of her samurai husband are recalled from the perspectives of a bandit, the bride, the samurai's ghost and a woodcutter."
160,All About Eve,1950,Drama,8.2,120539,Joseph L. Mankiewicz,A seemingly timid but secretly ruthless ingénue insinuates herself into the lives of an aging Broadway star and her circle of theater friends.
161,Stalker,1979,"Drama, Sci-Fi",8.2,116945,Andrei Tarkovsky,A guide leads two men through an area known as the Zone to find a room that grants wishes.
162,The Treasure of the Sierra Madre,1948,"Adventure, Drama, Western",8.2,114304,John Huston,Two Americans searching for work in Mexico convince an old prospector to help them mine for gold in the Sierra Madre Mountains.
163,Ran,1985,"Action, Drama, War",8.2,112505,Akira Kurosawa,"In Medieval Japan, an elderly warlord retires, handing over his empire to his three sons. However, he vastly underestimates how the new-found power will corrupt them and cause them to turn on each other...and him."
164,Rang De Basanti,2006,"Comedy, Crime, Drama",8.2,111937,Rakeysh Omprakash Mehra,"The story of six young Indians who assist an English woman to film a documentary on the freedom fighters from their past, and the events that lead them to relive the long-forgotten saga of freedom."
165,Yôjinbô,1961,"Action, Drama, Thriller",8.2,111244,Akira Kurosawa,A crafty ronin comes to a town divided by two criminal gangs and decides to play them against each other to free the town.
166,Klaus,2019,"Animation, Adventure, Comedy",8.2,104761,Sergio Pablos,"A simple act of kindness always sparks another, even in a frozen, faraway place. When Smeerensburg's new postman, Jesper, befriends toymaker Klaus, their gifts melt an age-old feud and deliver a sleigh full of holiday traditions."
167,The Gold Rush,1925,"Adventure, Comedy, Drama",8.2,101053,Charles Chaplin,A prospector goes to the Klondike in search of gold and finds it and more.
168,Smultronstället,1957,"Drama, Romance",8.2,96381,Ingmar Bergman,"After living a life marked by coldness, an aging professor is forced to confront the emptiness of his existence."
169,"Swades: We, the People",2004,Drama,8.2,83005,Ashutosh Gowariker,A successful Indian scientist returns to an Indian village to take his nanny to America with him and in the process rediscovers his roots.
170,Gangs of Wasseypur,2012,"Action, Comedy, Crime",8.2,82365,Anurag Kashyap,"A clash between Sultan and Shahid Khan leads to the expulsion of Khan from Wasseypur, and ignites a deadly blood feud spanning three generations."
171,Baahubali 2: The Conclusion,2017,"Action, Drama",8.2,75348,S.S. Rajamouli,"When Shiva, the son of Bahubali, learns about his heritage, he begins to look for answers. His story is juxtaposed with past events that unfolded in the Mahishmati Kingdom."
172,Chak De! India,2007,"Drama, Family, Sport",8.2,74129,Shimit Amin,Kabir Khan is the coach of the Indian Women's National Hockey Team and his dream is to make his all girls team emerge victorious against all odds.
173,Drishyam,2015,"Crime, Drama, Mystery",8.2,70367,Nishikant Kamat,"Desperate measures are taken by a man who tries to save his family from the dark side of the law, after they commit an unexpected crime."
174,Judgment at Nuremberg,1961,"Drama, War",8.2,69458,Stanley Kramer,"In 1948, an American court in occupied Germany tries four Nazis judged for war crimes."
175,Eskiya,1996,"Crime, Drama, Thriller",8.2,64118,Yavuz Turgul,"Baran the Bandit, released from prison after 35 years, searches for vengeance and his lover."
176,Bhaag Milkha Bhaag,2013,"Biography, Drama, Sport",8.2,61137,Rakeysh Omprakash Mehra,The truth behind the ascension of Milkha Singh who was scarred because of the India-Pakistan partition.
177,Queen,2013,"Adventure, Comedy, Drama",8.2,60701,Vikas Bahl,A Delhi girl from a traditional family sets out on a solo honeymoon after her marriage gets cancelled.
178,Hera Pheri,2000,"Action, Comedy, Crime",8.2,57057,Priyadarshan,"Three unemployed men look for answers to all their money problems - but when their opportunity arrives, will they know what to do with it?"
179,Tôkyô monogatari,1953,Drama,8.2,53153,Yasujirô Ozu,"An old couple visit their children and grandchildren in the city, but receive little attention."
180,Sholay,1975,"Action, Adventure, Comedy",8.2,51284,Ramesh Sippy,"After his family is murdered by a notorious and ruthless bandit, a former police officer enlists the services of two outlaws to capture the bandit."
181,Andaz Apna Apna,1994,"Action, Comedy, Romance",8.2,49300,Rajkumar Santoshi,Two slackers competing for the affections of an heiress inadvertently become her protectors from an evil criminal.
182,The Message,1976,"Biography, Drama, History",8.2,43885,Moustapha Akkad,This epic historical drama chronicles the life and times of Prophet Muhammad and serves as an introduction to early Islamic history.
183,Uri: The Surgical Strike,2018,"Action, Drama, War",8.2,43444,Aditya Dhar,"Indian army special forces execute a covert operation, avenging the killing of fellow army men at their base by a terrorist group."
184,Udaan,2010,Drama,8.2,42341,Vikramaditya Motwane,"Expelled from his school, a 16-year old boy returns home to his abusive and oppressive father."
185,Sherlock Jr.,1924,"Action, Comedy, Romance",8.2,41985,Buster Keaton,"A film projectionist longs to be a detective, and puts his meagre skills to work when he is framed by a rival for stealing his girlfriend's father's pocketwatch."
186,Mandariinid,2013,"Drama, War",8.2,40382,Zaza Urushadze,"In 1992, war rages in Abkhazia, a breakaway region of Georgia. An Estonian man Ivo has decided to stay behind and harvest his crops of tangerines. In a bloody conflict at his door, a wounded man is left behind, and Ivo takes him in."
187,K.G.F: Chapter 1,2018,"Action, Drama",8.2,36680,Prashanth Neel,"In the 1970s, a fierce rebel rises against brutal oppression and becomes the symbol of hope to legions of downtrodden people."
188,Chhichhore,2019,"Comedy, Drama",8.2,33893,Nitesh Tiwari,"A tragic incident forces Anirudh, a middle-aged man, to take a trip down memory lane and reminisce his college days along with his friends, who were labelled as losers."
189,Black,2005,Drama,8.2,33354,Sanjay Leela Bhansali,"The cathartic tale of a young woman who can't see, hear or talk and the teacher who brings a ray of light into her dark world."
190,Paan Singh Tomar,2012,"Action, Biography, Crime",8.2,33237,Tigmanshu Dhulia,"The story of Paan Singh Tomar, an Indian athlete and seven-time national steeplechase champion who becomes one of the most feared dacoits in Chambal Valley after his retirement."
191,Talvar,2015,"Crime, Drama, Mystery",8.2,31142,Meghna Gulzar,An experienced investigator confronts several conflicting theories about the perpetrators of a violent double homicide.
192,To Be or Not to Be,1942,"Comedy, War",8.2,29915,Ernst Lubitsch,"During the Nazi occupation of Poland, an acting troupe becomes embroiled in a Polish soldier's efforts to track down a German spy."
193,Du rififi chez les hommes,1955,"Crime, Drama, Thriller",8.2,28810,Jules Dassin,"Four men plan a technically perfect crime, but the human element intervenes..."
194,Höstsonaten,1978,"Drama, Music",8.2,26875,Ingmar Bergman,"A married daughter who longs for her mother's love is visited by the latter, a successful concert pianist."
195,Dom za vesanje,1988,"Comedy, Crime, Drama",8.2,26402,Emir Kusturica,"In this luminous tale set in the area around Sarajevo and in Italy, Perhan, an engaging young Romany (gypsy) with telekinetic powers, is seduced by the quick-cash world of petty crime, which threatens to destroy him and those he loves."
196,Kill Bill: Vol. 1,2003,"Action, Crime, Drama",8.1,1000639,Quentin Tarantino,"After awakening from a four-year coma, a former assassin wreaks vengeance on the team of assassins who betrayed her."
197,Finding Nemo,2003,"Animation, Adventure, Comedy",8.1,949565,Andrew Stanton,"After his son is captured in the Great Barrier Reef and taken to Sydney, a timid clownfish sets out on a journey to bring him home."
198,The Truman Show,1998,"Comedy, Drama",8.1,939631,Peter Weir,An insurance salesman discovers his whole life is actually a reality TV show.
199,The Sixth Sense,1999,"Drama, Mystery, Thriller",8.1,911573,M. Night Shyamalan,A boy who communicates with spirits seeks the help of a disheartened child psychologist.
200,Mad Max: Fury Road,2015,"Action, Adventure, Sci-Fi",8.1,882316,George Miller,"In a post-apocalyptic wasteland, a woman rebels against a tyrannical ruler in search for her homeland with the aid of a group of female prisoners, a psychotic worshiper, and a drifter named Max."
201,Jurassic Park,1993,"Action, Adventure, Sci-Fi",8.1,867615,Steven Spielberg,A pragmatic paleontologist visiting an almost complete theme park is tasked with protecting a couple of kids after a power failure causes the park's cloned dinosaurs to run loose.
202,Gone Girl,2014,"Drama, Mystery, Thriller",8.1,859695,David Fincher,"With his wife's disappearance having become the focus of an intense media circus, a man sees the spotlight turned on him when it's suspected that he may not be innocent."
203,No Country for Old Men,2007,"Crime, Drama, Thriller",8.1,856916,Ethan Coen,Violence and mayhem ensue after a hunter stumbles upon a drug deal gone wrong and more than two million dollars in cash near the Rio Grande.
204,Catch Me If You Can,2002,"Biography, Crime, Drama",8.1,832846,Steven Spielberg,"Barely 21 yet, Frank is a skilled forger who has passed as a doctor, lawyer and pilot. FBI agent Carl becomes obsessed with tracking down the con man, who only revels in the pursuit."
205,"Monsters, Inc.",2001,"Animation, Adventure, Comedy",8.1,815505,Pete Docter,"In order to power the city, monsters have to scare children so that they scream. However, the children are toxic to the monsters, and after a child gets through, 2 monsters realize things may not be what they think."
206,Harry Potter and the Deathly Hallows: Part 2,2011,"Adventure, Drama, Fantasy",8.1,764493,David Yates,"Harry, Ron, and Hermione search for Voldemort's remaining Horcruxes in their effort to destroy the Dark Lord as the final battle rages on at Hogwarts."
207,The Big Lebowski,1998,"Comedy, Crime, Sport",8.1,732620,Joel Coen,"Jeff ""The Dude"" Lebowski, mistaken for a millionaire of the same name, seeks restitution for his ruined rug and enlists his bowling buddies to help get it."
208,Gran Torino,2008,Drama,8.1,720450,Clint Eastwood,"Disgruntled Korean War veteran Walt Kowalski sets out to reform his neighbor, Thao Lor, a Hmong teenager who tried to steal Kowalski's prized possession: a 1972 Gran Torino."
209,The Grand Budapest Hotel,2014,"Adventure, Comedy, Crime",8.1,707630,Wes Anderson,"A writer encounters the owner of an aging high-class hotel, who tells him of his early years serving as a lobby boy in the hotel's glorious years under an exceptional concierge."
210,Blade Runner,1982,"Action, Sci-Fi, Thriller",8.1,693827,Ridley Scott,"A blade runner must pursue and terminate four replicants who stole a ship in space, and have returned to Earth to find their creator."
211,How to Train Your Dragon,2010,"Animation, Action, Adventure",8.1,666773,Dean DeBlois,"A hapless young Viking who aspires to hunt dragons becomes the unlikely friend of a young dragon himself, and learns there may be more to the creatures than he assumed."
212,Logan,2017,"Action, Drama, Sci-Fi",8.1,647884,James Mangold,"In a future where mutants are nearly extinct, an elderly and weary Logan leads a quiet life. But when Laura, a mutant child pursued by scientists, comes to him for help, he must get her to safety."
213,12 Years a Slave,2013,"Biography, Drama, History",8.1,640533,Steve McQueen,"In the antebellum United States, Solomon Northup, a free black man from upstate New York, is abducted and sold into slavery."
214,Million Dollar Baby,2004,"Drama, Sport",8.1,635975,Clint Eastwood,A determined woman works with a hardened boxing trainer to become a professional.
215,Trainspotting,1996,Drama,8.1,634716,Danny Boyle,"Renton, deeply immersed in the Edinburgh drug scene, tries to clean up and get out, despite the allure of the drugs and influence of friends."
216,Fargo,1996,"Crime, Drama, Thriller",8.1,617444,Joel Coen,Jerry Lundegaard's inept crime falls apart due to his and his henchmen's bungling and the persistent police work of the quite pregnant Marge Gunderson.
217,Inside Out,2015,"Animation, Adventure, Comedy",8.1,616228,Pete Docter,"After young Riley is uprooted from her Midwest life and moved to San Francisco, her emotions - Joy, Fear, Anger, Disgust and Sadness - conflict on how best to navigate a new city, house, and school."
218,Prisoners,2013,"Crime, Drama, Mystery",8.1,601149,Denis Villeneuve,"When Keller Dover's daughter and her friend go missing, he takes matters into his own hands as the police pursue multiple leads and the pressure mounts."
219,Into the Wild,2007,"Adventure, Biography, Drama",8.1,572921,Sean Penn,"After graduating from Emory University, top student and athlete Christopher McCandless abandons his possessions, gives his entire $24,000 savings account to charity and hitchhikes to Alaska to live in the wilderness. Along the way, Christopher encounters a series of characters that shape his life."
220,Rocky,1976,"Drama, Sport",8.1,518546,John G. Avildsen,A small-time boxer gets a supremely rare chance to fight a heavy-weight champion in a bout in which he strives to go the distance for his self-respect.
221,Hacksaw Ridge,2016,"Biography, Drama, History",8.1,435928,Mel Gibson,"World War II American Army Medic Desmond T. Doss, who served during the Battle of Okinawa, refuses to kill people, and becomes the first man in American history to receive the Medal of Honor without firing a shot."
222,Rush,2013,"Action, Biography, Drama",8.1,432811,Ron Howard,The merciless 1970s rivalry between Formula One rivals James Hunt and Niki Lauda.
223,Dead Poets Society,1989,"Comedy, Drama",8.1,425457,Peter Weir,Maverick teacher John Keating uses poetry to embolden his boarding school students to new heights of self-expression.
224,Spotlight,2015,"Biography, Crime, Drama",8.1,420316,Tom McCarthy,"The true story of how the Boston Globe uncovered the massive scandal of child molestation and cover-up within the local Catholic Archdiocese, shaking the entire Catholic Church to its core."
225,Platoon,1986,"Drama, War",8.1,381222,Oliver Stone,"Chris Taylor, a neophyte recruit in Vietnam, finds himself caught in a battle of wills between two sergeants, one good and the other evil. A shrewd examination of the brutality of war and the duality of man in conflict."
226,Room,2015,"Drama, Thriller",8.1,371538,Lenny Abrahamson,"Held captive for 7 years in an enclosed space, a woman and her young son finally gain their freedom, allowing the boy to experience the outside world for the first time."
227,The Thing,1982,"Horror, Mystery, Sci-Fi",8.1,371271,John Carpenter,A research team in Antarctica is hunted by a shape-shifting alien that assumes the appearance of its victims.
228,Life of Brian,1979,Comedy,8.1,367250,Terry Jones,"Born on the original Christmas in the stable next door to Jesus Christ, Brian of Nazareth spends his life being mistaken for a messiah."
229,Stand by Me,1986,"Adventure, Drama",8.1,363401,Rob Reiner,"After the death of one of his friends, a writer recounts a childhood journey with his friends to find the body of a missing boy."
230,Hotel Rwanda,2004,"Biography, Drama, History",8.1,334320,Terry George,"Paul Rusesabagina, a hotel manager, houses over a thousand Tutsi refugees during their struggle against the Hutu militia in Rwanda, Africa."
231,The Deer Hunter,1978,"Drama, War",8.1,311361,Michael Cimino,An in-depth examination of the ways in which the U.S. Vietnam War impacts and disrupts the lives of people in a small industrial town in Pennsylvania.
232,Chinatown,1974,"Drama, Mystery, Thriller",8.1,294230,Roman Polanski,"A private detective hired to expose an adulterer finds himself caught up in a web of deceit, corruption, and murder."
233,Ford v Ferrari,2019,"Action, Biography, Drama",8.1,291289,James Mangold,American car designer Carroll Shelby and driver Ken Miles battle corporate interference and the laws of physics to build a revolutionary race car for Ford in order to defeat Ferrari at the 24 Hours of Le Mans in 1966.
234,Gone with the Wind,1939,"Drama, History, Romance",8.1,290074,Victor Fleming,A manipulative woman and a roguish man conduct a turbulent romance during the American Civil War and Reconstruction periods.
235,Before Sunrise,1995,"Drama, Romance",8.1,272291,Richard Linklater,"A young man and woman meet on a train in Europe, and wind up spending one evening together in Vienna. Unfortunately, both know that this will probably be their only night together."
236,Hachi: A Dog's Tale,2009,"Biography, Drama, Family",8.1,253575,Lasse Hallström,A college professor bonds with an abandoned dog he takes into his home.
237,Before Sunset,2004,"Drama, Romance",8.1,236311,Richard Linklater,"Nine years after Jesse and Celine first met, they encounter each other again on the French leg of Jesse's book tour."
238,Amores perros,2000,"Drama, Thriller",8.1,223741,Alejandro G. Iñárritu,"A horrific car accident connects three stories, each involving characters dealing with loss, regret, and life's harsh realities, all in the name of love."
239,The Elephant Man,1980,"Biography, Drama",8.1,220078,David Lynch,"A Victorian surgeon rescues a heavily disfigured man who is mistreated while scraping a living as a side-show freak. Behind his monstrous façade, there is revealed a person of kindness, intelligence and sophistication."
240,Ben-Hur,1959,"Adventure, Drama, History",8.1,219466,William Wyler,"After a Jewish prince is betrayed and sent into slavery by a Roman friend, he regains his freedom and comes back for revenge."
241,The Bridge on the River Kwai,1957,"Adventure, Drama, War",8.1,203463,David Lean,"British POWs are forced to build a railway bridge across the river Kwai for their Japanese captors, not knowing that the allied forces are planning to destroy it."
242,Relatos salvajes,2014,"Comedy, Drama, Thriller",8.1,177059,Damián Szifron,Six short stories that explore the extremities of human behavior involving people in distress.
243,Mary and Max,2009,"Animation, Comedy, Drama",8.1,164462,Adam Elliot,"A tale of friendship between two unlikely pen pals: Mary, a lonely, eight-year-old girl living in the suburbs of Melbourne, and Max, a forty-four-year old, severely obese man living in New York."
244,PK,2014,"Comedy, Drama, Musical",8.1,163061,Rajkumar Hirani,An alien on Earth loses the only device he can use to communicate with his spaceship. His innocent nature and child-like questions force the country to evaluate the impact of religion on its people.
245,Cool Hand Luke,1967,"Crime, Drama",8.1,161984,Stuart Rosenberg,"A laid back Southern man is sentenced to two years in a rural prison, but refuses to conform."
246,Soul,2020,"Animation, Adventure, Comedy",8.1,159171,Pete Docter,"After landing the gig of a lifetime, a New York jazz pianist suddenly finds himself trapped in a strange land between Earth and the afterlife."
247,The Third Man,1949,"Film-Noir, Mystery, Thriller",8.1,158731,Carol Reed,"Pulp novelist Holly Martins travels to shadowy, postwar Vienna, only to find himself investigating the mysterious death of an old friend, Harry Lime."
248,In the Name of the Father,1993,"Biography, Crime, Drama",8.1,156842,Jim Sheridan,A man's coerced confession to an I.R.A. bombing he did not commit results in the imprisonment of his father as well. An English lawyer fights to free them.
249,Kaze no tani no Naushika,1984,"Animation, Adventure, Fantasy",8.1,150924,Hayao Miyazaki,Warrior and pacifist Princess Nausicaä desperately struggles to prevent two warring nations from destroying themselves and their dying planet.
250,La haine,1995,"Crime, Drama",8.1,150345,Mathieu Kassovitz,24 hours in the lives of three young men in the French suburbs the day after a violent riot.
251,Barry Lyndon,1975,"Adventure, Drama, History",8.1,149843,Stanley Kubrick,An Irish rogue wins the heart of a rich widow and assumes her dead husband's aristocratic position in 18th-century England.
252,Network,1976,Drama,8.1,144911,Sidney Lumet,A television network cynically exploits a deranged former anchor's ravings and revelations about the news media for its own profit.
253,On the Waterfront,1954,"Crime, Drama, Thriller",8.1,142107,Elia Kazan,An ex-prize fighter turned longshoreman struggles to stand up to his corrupt union bosses.
254,Contratiempo,2016,"Crime, Drama, Mystery",8.1,141516,Oriol Paulo,A successful entrepreneur accused of murder and a witness preparation expert have less than three hours to come up with an impregnable defense.
255,Salinui chueok,2003,"Crime, Drama, Mystery",8.1,139558,Bong Joon Ho,"In a small Korean province in 1986, two detectives struggle with the case of multiple young women being found raped and murdered by an unknown culprit."
256,Fa yeung nin wah,2000,"Drama, Romance",8.1,124383,Kar-Wai Wong,"Two neighbors, a woman and a man, form a strong bond after both suspect extramarital activities of their spouses. However, they agree to keep their bond platonic so as not to commit similar wrongs."
257,Rebecca,1940,"Drama, Mystery, Romance",8.1,123942,Alfred Hitchcock,A self-conscious woman juggles adjusting to her new role as an aristocrat's wife and avoiding being intimidated by his first wife's spectral presence.
258,Ah-ga-ssi,2016,"Drama, Romance, Thriller",8.1,113649,Chan-wook Park,"A woman is hired as a handmaiden to a Japanese heiress, but secretly she is involved in a plot to defraud her."
259,Mr. Smith Goes to Washington,1939,"Comedy, Drama",8.1,107017,Frank Capra,"A naive man is appointed to fill a vacancy in the United States Senate. His plans promptly collide with political corruption, but he doesn't back down."
260,Les quatre cents coups,1959,"Crime, Drama",8.1,105291,François Truffaut,"A young boy, left without attention, delves into a life of petty crime."
261,Lagaan: Once Upon a Time in India,2001,"Adventure, Drama, Musical",8.1,105036,Ashutosh Gowariker,The people of a small village in Victorian India stake their future on a game of cricket against their ruthless British rulers.
262,Persona,1966,"Drama, Thriller",8.1,103191,Ingmar Bergman,A nurse is put in charge of a mute actress and finds that their personae are melding together.
263,It Happened One Night,1934,"Comedy, Romance",8.1,94016,Frank Capra,"A renegade reporter and a crazy young heiress meet on a bus heading for New York, and end up stuck with each other when the bus leaves them behind at one of the stops."
264,"Paris, Texas",1984,Drama,8.1,91188,Wim Wenders,"Travis Henderson, an aimless drifter who has been missing for four years, wanders out of the desert and must reconnect with society, himself, his life, and his family."
265,Trois couleurs: Rouge,1994,"Drama, Mystery, Romance",8.1,90729,Krzysztof Kieslowski,A model discovers a retired judge is keen on invading people's privacy.
266,The General,1926,"Action, Adventure, Comedy",8.1,81156,Clyde Bruckman,"When Union spies steal an engineer's beloved locomotive, he pursues it single-handedly and straight through enemy lines."
267,Solaris,1972,"Drama, Mystery, Sci-Fi",8.1,81021,Andrei Tarkovsky,A psychologist is sent to a station orbiting a distant planet in order to discover what has caused the crew to go insane.
268,Pink Floyd: The Wall,1982,"Drama, Fantasy, Music",8.1,76081,Alan Parker,A confined but troubled rock star descends into madness in the midst of his physical and social isolation from everyone.
269,Barfi!,2012,"Comedy, Drama, Romance",8.1,75721,Anurag Basu,Three young people learn that love can neither be defined nor contained by society's definition of normal and abnormal.
270,Munna Bhai M.B.B.S.,2003,"Comedy, Drama, Musical",8.1,73992,Rajkumar Hirani,A gangster sets out to fulfill his father's dream of becoming a doctor.
271,A Wednesday,2008,"Action, Crime, Drama",8.1,73891,Neeraj Pandey,A retiring police officer reminisces about the most astounding day of his career. About a case that was never filed but continues to haunt him in his memories - the case of a man and a Wednesday.
272,The Man Who Shot Liberty Valance,1962,"Drama, Western",8.1,68827,John Ford,A senator returns to a western town for the funeral of an old friend and tells the story of his origins.
273,Zindagi Na Milegi Dobara,2011,"Comedy, Drama",8.1,67927,Zoya Akhtar,Three friends decide to turn their fantasy vacation into reality after one of their friends gets engaged.
274,Dil Chahta Hai,2001,"Comedy, Drama, Romance",8.1,66803,Farhan Akhtar,"Three inseparable childhood friends are just out of college. Nothing comes between them - until they each fall in love, and their wildly different approaches to relationships creates tension."
275,Dilwale Dulhania Le Jayenge,1995,"Drama, Romance",8.1,63516,Aditya Chopra,"When Raj meets Simran in Europe, it isn't love at first sight but when Simran moves to India for an arranged marriage, love makes its presence felt."
276,Portrait de la jeune fille en feu,2019,"Drama, Romance",8.1,63134,Céline Sciamma,"On an isolated island in Brittany at the end of the eighteenth century, a female painter is obliged to paint a wedding portrait of a young woman."
277,Chung Hing sam lam,1994,"Comedy, Crime, Drama",8.1,63122,Kar-Wai Wong,"Two melancholy Hong Kong policemen fall in love: one with a mysterious female underworld figure, the other with a beautiful and ethereal server at a late-night restaurant he frequents."
278,La leggenda del pianista sull'oceano,1998,"Drama, Music, Romance",8.1,59020,Giuseppe Tornatore,"A baby boy, discovered in 1900 on an ocean liner, grows into a musical prodigy, never setting foot on land."
279,Kahaani,2012,"Mystery, Thriller",8.1,57806,Sujoy Ghosh,"A pregnant woman's search for her missing husband takes her from London to Kolkata, but everyone she questions denies having ever met him."
280,Fanny och Alexander,1982,Drama,8.1,57784,Ingmar Bergman,"Two young Swedish children experience the many comedies and tragedies of their family, the Ekdahls."
281,Das Cabinet des Dr. Caligari,1920,"Fantasy, Horror, Mystery",8.1,57428,Robert Wiene,"Hypnotist Dr. Caligari uses a somnambulist, Cesare, to commit murders."
282,Underground,1995,"Comedy, Drama, War",8.1,55220,Emir Kusturica,"A group of Serbian socialists prepares for the war in a surreal underground filled by parties, tragedies, love and hate."
283,Le salaire de la peur,1953,"Adventure, Drama, Thriller",8.1,54588,Henri-Georges Clouzot,"In a decrepit South American village, four men are hired to transport an urgent nitroglycerine shipment without the equipment that would make it safe."
284,La battaglia di Algeri,1966,"Drama, War",8.1,53089,Gillo Pontecorvo,"In the 1950s, fear and violence escalate as the people of Algiers fight for independence from the French government."
285,OMG: Oh My God!,2012,"Comedy, Drama, Fantasy",8.1,51739,Umesh Shukla,A shopkeeper takes God to court when his shop is destroyed by an earthquake.
286,Song of the Sea,2014,"Animation, Adventure, Drama",8.1,51679,Tomm Moore,"Ben, a young Irish boy, and his little sister Saoirse, a girl who can turn into a seal, go on an adventure to free the fairies and save the spirit world."
287,"Crna macka, beli macor",1998,"Comedy, Crime, Romance",8.1,50862,Emir Kusturica,Matko and his son Zare live on the banks of the Danube river and get by through hustling and basically doing anything to make a living. In order to pay off a business debt Matko agrees to marry off Zare to the sister of a local gangster.
288,Mommy,2014,Drama,8.1,50700,Xavier Dolan,"A widowed single mother, raising her violent son alone, finds new hope when a mysterious neighbor inserts herself into their household."
289,Haider,2014,"Action, Crime, Drama",8.1,50445,Vishal Bhardwaj,"A young man returns to Kashmir after his father's disappearance to confront his uncle, whom he suspects of playing a role in his father's fate."
290,What Ever Happened to Baby Jane?,1962,"Drama, Horror, Thriller",8.1,50058,Robert Aldrich,A former child star torments her paraplegic sister in their decaying Hollywood mansion.
291,Okuribito,2008,"Drama, Music",8.1,48582,Yôjirô Takita,A newly unemployed cellist takes a job preparing the dead for funerals.
292,Koe no katachi,2016,"Animation, Drama, Family",8.1,47708,Naoko Yamada,"A young man is ostracized by his classmates after he bullies a deaf girl to the point where she moves away. Years later, he sets off on a path for redemption."
293,La passion de Jeanne d'Arc,1928,"Biography, Drama, History",8.1,47676,Carl Theodor Dreyer,"In 1431, Jeanne d'Arc is placed on trial on charges of heresy. The ecclesiastical jurists attempt to force Jeanne to recant her claims of holy visions."
294,Andrei Rublev,1966,"Biography, Drama, History",8.1,46947,Andrei Tarkovsky,"The life, times and afflictions of the fifteenth-century Russian iconographer St. Andrei Rublev."
295,Sunrise: A Song of Two Humans,1927,"Drama, Romance",8.1,46865,F.W. Murnau,An allegorical tale about a man fighting the good and evil within him. Both sides are made flesh - one a sophisticated woman he is attracted to and the other his wife.
296,Kumonosu-jô,1957,"Drama, History",8.1,46678,Akira Kurosawa,"A war-hardened general, egged on by his ambitious wife, works to fulfill a prophecy that he would become lord of Spider's Web Castle."
297,Kis Uykusu,2014,Drama,8.1,46547,Nuri Bilge Ceylan,A hotel owner and landlord in a remote Turkish village deals with conflicts within his family and a tenant behind on his rent.
298,Le samouraï,1967,"Crime, Drama, Mystery",8.1,45434,Jean-Pierre Melville,After professional hitman Jef Costello is seen by witnesses his efforts to provide himself an alibi drive him further into a corner.
299,Lage Raho Munna Bhai,2006,"Comedy, Drama, Romance",8.1,43137,Rajkumar Hirani,Munna Bhai embarks on a journey with Mahatma Gandhi in order to fight against a corrupt property dealer.
300,Le notti di Cabiria,1957,Drama,8.1,42940,Federico Fellini,A waifish prostitute wanders the streets of Rome looking for true love but finds only heartbreak.
